"CreateDate","IndividualID","LastName","FirstName","Gender"
"10/27/2020, 09:02 PM","0034V00002Ze2shQAB",Givens,Thao,NULL
"10/27/2020, 09:02 PM","0034V00002Ze2siQAB",Ramsay,Jamison,NULL
"10/27/2020, 09:02 PM","0034V00002Ze2sjQAB",Whatley,Rob,NULL
"10/27/2020, 09:02 PM","0034V00002Ze2skQAB",Feldman,Shanta,NULL
"10/27/2020, 09:02 PM","0034V00002Ze2slQAB",Hyatt,Penni,NULL
"10/27/2020, 09:02 PM","0034V00002Ze2smQAB",Mcgowan,Yuk,NULL
"10/27/2020, 09:02 PM","0034V00002Ze2snQAB",Calloway,India,NULL
"10/27/2020, 09:02 PM","0034V00002Ze2soQAB",Bordelon,Kourtney,NULL
"10/27/2020, 09:02 PM","0034V00002Ze2spQAB",Dabney,Connie,NULL
"10/27/2020, 09:02 PM","0034V00002Ze2sqQAB",Steffen,Gustavo,NULL
"10/27/2020, 09:02 PM","0034V00002Ze2srQAB",Lindley,Victorina,NULL
"10/27/2020, 09:02 PM","0034V00002Ze2ssQAB",Delossantos,Marlon,NULL
"10/27/2020, 09:02 PM","0034V00002Ze2stQAB",Clemons,Isiah,NULL
"10/27/2020, 09:02 PM","0034V00002Ze2suQAB",Whitman,Homer,NULL
"10/27/2020, 09:02 PM","0034V00002Ze2tBQAR",Boren,Pearl,NULL
"10/27/2020, 09:02 PM","0034V00002Ze2tCQAR",Beauchamp,Tracy,NULL
"10/27/2020, 09:02 PM","0034V00002Ze2tDQAR",Etheridge,Anneliese,NULL
"10/27/2020, 09:02 PM","0034V00002Ze2tEQAR",Cushman,Darin,NULL
"10/27/2020, 09:02 PM","0034V00002Ze2tFQAR",Homan,Mickey,NULL
"10/27/2020, 09:02 PM","0034V00002Ze2tGQAR",Douglass,Marhta,NULL
"10/27/2020, 09:02 PM","0034V00002Ze2tHQAR",Hopper,Wilford,NULL
"10/27/2020, 09:02 PM","0034V00002Ze2tIQAR",Bueno,Kacey,NULL
"10/27/2020, 09:02 PM","0034V00002Ze2tJQAR",Fincher,Angelo,NULL
"10/27/2020, 09:02 PM","0034V00002Ze2tKQAR",Smothers,Kathyrn,NULL
"10/27/2020, 09:02 PM","0034V00002Ze2tLQAR",Oswald,Kip,NULL
"10/27/2020, 09:02 PM","0034V00002Ze2tMQAR",Ly,Milford,NULL
"10/27/2020, 09:02 PM","0034V00002Ze2tNQAR",Buckner,Earl,NULL
"10/27/2020, 09:02 PM","0034V00002Ze2tOQAR",Horvath,Oma,NULL
"10/27/2020, 09:02 PM","0034V00002Ze2tPQAR",Cerda,Junko,NULL
"10/27/2020, 09:02 PM","0034V00002Ze2tQQAR",Fishman,Timothy,NULL
"10/27/2020, 09:02 PM","0034V00002Ze2tRQAR",London,Drew,NULL
"10/27/2020, 09:02 PM","0034V00002Ze2tSQAR",Esposito,Kimberley,NULL
"10/27/2020, 09:02 PM","0034V00002Ze2tTQAR",Meeker,Letisha,NULL
"10/27/2020, 09:02 PM","0034V00002Ze2tUQAR",Duckett,Ulrike,NULL
"10/27/2020, 09:02 PM","0034V00002Ze2tVQAR",Jacques,Crissy,NULL
"10/27/2020, 09:02 PM","0034V00002Ze2tWQAR",Hampton,Yee,NULL
"10/27/2020, 09:02 PM","0034V00002Ze2tXQAR",Pritchard,Tesha,NULL
"10/27/2020, 09:02 PM","0034V00002Ze2tYQAR",Ridenour,Sherrie,NULL
"10/27/2020, 09:02 PM","0034V00002Ze2tZQAR",Skipper,Ian,NULL
"10/27/2020, 09:02 PM","0034V00002Ze2taQAB",Peterson,Audria,NULL
"10/27/2020, 09:02 PM","0034V00002Ze2tbQAB",Sprouse,Reynalda,NULL
"10/27/2020, 09:02 PM","0034V00002Ze2tcQAB",Joy,Magdalene,NULL
"10/27/2020, 09:02 PM","0034V00002Ze2tdQAB",Gamez,Ivette,NULL
"10/27/2020, 09:02 PM","0034V00002Ze2teQAB",Leake,Gala,NULL
"10/27/2020, 09:02 PM","0034V00002Ze2tfQAB",Beck,Shera,NULL
"10/27/2020, 09:02 PM","0034V00002Ze2tgQAB",Christianson,Donny,NULL
"10/27/2020, 09:02 PM","0034V00002Ze2svQAB",Ziegler,Keenan,NULL
"10/27/2020, 09:02 PM","0034V00002Ze2swQAB",Ivy,Desirae,NULL
"10/27/2020, 09:02 PM","0034V00002Ze2sxQAB",Cochrane,Easter,NULL
"10/27/2020, 09:02 PM","0034V00002Ze2syQAB",Severson,Rusty,NULL
"10/27/2020, 09:02 PM","0034V00002Ze2szQAB",Stallings,David,NULL
"10/27/2020, 09:02 PM","0034V00002Ze2t0QAB",Thomason,Era,NULL
"10/27/2020, 09:02 PM","0034V00002Ze2t1QAB",Martins,Ermelinda,NULL
"10/27/2020, 09:02 PM","0034V00002Ze2t2QAB",Olsen,Gus,NULL
"10/27/2020, 09:02 PM","0034V00002Ze2t3QAB",Pettit,Shane,NULL
"10/27/2020, 09:02 PM","0034V00002Ze2t4QAB",Hood,Levi,NULL
"10/27/2020, 09:02 PM","0034V00002Ze2t5QAB",Stjohn,Elayne,NULL
"10/27/2020, 09:02 PM","0034V00002Ze2t6QAB",Perkins,Ossie,NULL
"10/27/2020, 09:02 PM","0034V00002Ze2siQAB",Mccann,Minh,NULL
"10/27/2020, 09:02 PM","0034V00002Ze2t8QAB",Dominguez,Max,NULL
"10/27/2020, 09:02 PM","0034V00002Ze2t9QAB",Durand,Bill,NULL
"10/27/2020, 09:02 PM","0034V00002Ze2tAQAR",Buck,Antonina,NULL
"10/27/2020, 09:02 PM","0034V00002Ze2thQAB",Estes,Hedy,NULL
"10/27/2020, 09:02 PM","0034V00002Ze2tiQAB",Hinkle,Danilo,NULL
"10/27/2020, 09:02 PM","0034V00002ZUolWQAT",Sturgill,Angelo,NULL
"10/27/2020, 09:02 PM","0034V00002ZUolXQAT",Belt,Marceline,NULL
"10/27/2020, 09:02 PM","0034V00002ZUolYQAT",Echols,Adan,NULL
"10/27/2020, 09:02 PM","0034V00002ZUolZQAT",Brock,Caleb,NULL
"10/27/2020, 09:02 PM","0034V00002ZUolaQAD",Gilley,Rolando,NULL
"10/27/2020, 09:02 PM","0034V00002ZUolbQAD",Lemay,Rudy,NULL
"10/27/2020, 09:02 PM","0034V00002ZUolcQAD",Hamby,Merri,NULL
"10/27/2020, 09:02 PM","0034V00002ZUoldQAD",Upshaw,Lona,NULL
"10/27/2020, 09:02 PM","0034V00002ZUoleQAD",Aguiar,August,NULL
"10/27/2020, 09:02 PM","0034V00002ZUolfQAD",Hearn,Terica,NULL
"10/27/2020, 09:02 PM","0034V00002ZUolgQAD",Maldonado,Zane,NULL
"10/27/2020, 09:02 PM","0034V00002ZUolhQAD",Wagner,Joe,NULL
"10/27/2020, 09:02 PM","0034V00002ZUoliQAD",Mathias,Cristobal,NULL
"10/27/2020, 09:02 PM","0034V00002ZUoljQAD",Roberson,Cletus,NULL
"10/27/2020, 09:02 PM","0034V00002ZUolkQAD",Shin,Lawerence,NULL
"10/27/2020, 09:02 PM","0034V00002ZUollQAD",Chan,Morton,NULL
"10/27/2020, 09:02 PM","0034V00002ZUolmQAD",Frame,Felton,NULL
"10/27/2020, 09:02 PM","0034V00002ZUolnQAD",Quinones,Clair,NULL
"10/27/2020, 09:02 PM","0034V00002ZUoloQAD",Person,Hoyt,NULL
"10/27/2020, 09:02 PM","0034V00002ZUolpQAD",Peachey,Kimberlee,NULL
"10/27/2020, 09:02 PM","0034V00002ZUolqQAD",Duncan,Grady,NULL
"10/27/2020, 09:02 PM","0034V00002ZUolrQAD",Durand,Kendrick,NULL
"10/27/2020, 09:02 PM","0034V00002ZUolsQAD",Jackson,Lasonya,NULL
"10/27/2020, 09:02 PM","0034V00002ZUoltQAD",Branson,Pasquale,NULL
"10/27/2020, 09:02 PM","0034V00002ZUoluQAD",Henry,Emory,NULL
"10/27/2020, 09:02 PM","0034V00002ZUolvQAD",Pena,Melita,NULL
"10/27/2020, 09:02 PM","0034V00002ZUolwQAD",Lea,David,NULL
"10/27/2020, 09:02 PM","0034V00002ZUolxQAD",Ouellette,Earnest,NULL
"10/27/2020, 09:02 PM","0034V00002ZUolyQAD",Samson,Shaquana,NULL
"10/27/2020, 09:02 PM","0034V00002ZUolzQAD",Cordell,Carole,NULL
"10/27/2020, 09:02 PM","0034V00002ZUom0QAD",Zhang,Delois,NULL
"10/27/2020, 09:02 PM","0034V00002ZUom1QAD",Gustafson,Augustine,NULL
"10/27/2020, 09:02 PM","0034V00002ZUom2QAD",Levin,Joesph,NULL
"10/27/2020, 09:02 PM","0034V00002ZUom3QAD",Salgado,Christy,NULL
"10/27/2020, 09:02 PM","0034V00002ZUom4QAD",Dang,Rayna,NULL
